INSERT INTO NEWS (SHORT_TEXT, FULL_TEXT, TITLE, CREATION_DATE, MODIFICATION_DATE)
VALUES("firstShort", "firstFull", "firstTitle", "19-APR-15 07.49.58.162000000 AM", "20-APR-15");
INSERT INTO NEWS (SHORT_TEXT, FULL_TEXT, TITLE, CREATION_DATE, MODIFICATION_DATE)
VALUES("secondShort", "secondFull", "secondTitle", "20-APR-15 07.49.58.162000000 AM", "21-APR-15");
INSERT INTO NEWS (SHORT_TEXT, FULL_TEXT, TITLE, CREATION_DATE, MODIFICATION_DATE)
VALUES("thirdShort", "thirdFull", "thirdTitle", "21-APR-15 07.49.58.162000000 AM", "22-APR-15");
INSERT INTO NEWS (SHORT_TEXT, FULL_TEXT, TITLE, CREATION_DATE, MODIFICATION_DATE)
VALUES("fourthShort", "fourthFull", "fourthTitle", "22-APR-15 07.49.58.162000000 AM", "23-APR-15");
INSERT INTO NEWS (SHORT_TEXT, FULL_TEXT, TITLE, CREATION_DATE, MODIFICATION_DATE)
VALUES("fifthShort", "fifthFull", "fifthTitle", "23-APR-15 07.49.58.162000000 AM", "24-APR-15");
INSERT INTO NEWS (SHORT_TEXT, FULL_TEXT, TITLE, CREATION_DATE, MODIFICATION_DATE)
VALUES("sixthShort", "sixthFull", "sixthTitle", "24-APR-15 07.49.58.162000000 AM", "25-APR-15");
INSERT INTO NEWS (SHORT_TEXT, FULL_TEXT, TITLE, CREATION_DATE, MODIFICATION_DATE)
VALUES("seventhShort", "seventhFull", "seventhTitle", "25-APR-15 07.49.58.162000000 AM", "26-APR-15");
INSERT INTO NEWS (SHORT_TEXT, FULL_TEXT, TITLE, CREATION_DATE, MODIFICATION_DATE)
VALUES("eighthShort", "eighthFull", "eighthTitle", "26-APR-15 07.49.58.162000000 AM", "27-APR-15");
INSERT INTO NEWS (SHORT_TEXT, FULL_TEXT, TITLE, CREATION_DATE, MODIFICATION_DATE)
VALUES("ninthShort", "ninthFull", "ninthTitle", "27-APR-15 07.49.58.162000000 AM", "27-APR-15");
INSERT INTO NEWS (SHORT_TEXT, FULL_TEXT, TITLE, CREATION_DATE, MODIFICATION_DATE)
VALUES("tenthShort", "tenthFull", "tenthTitle", "28-APR-15 07.49.58.162000000 AM", "28-APR-15");
INSERT INTO NEWS (SHORT_TEXT, FULL_TEXT, TITLE, CREATION_DATE, MODIFICATION_DATE)
VALUES("eleventhShort", "eleventhFull", "eleventhTitle", "29-APR-15 07.49.58.162000000 AM", "29-APR-15");
INSERT INTO NEWS (SHORT_TEXT, FULL_TEXT, TITLE, CREATION_DATE, MODIFICATION_DATE)
VALUES("twelfthShort", "twelfthFull", "twelfthTitle", "30-APR-15 07.49.58.162000000 AM", "30-APR-15");
INSERT INTO NEWS (SHORT_TEXT, FULL_TEXT, TITLE, CREATION_DATE, MODIFICATION_DATE)
VALUES("thirteenthShort", "thirteenthFull", "thirteenthTitle", "01-APR-15 07.49.58.162000000 AM", "02-APR-15");
INSERT INTO NEWS (SHORT_TEXT, FULL_TEXT, TITLE, CREATION_DATE, MODIFICATION_DATE)
VALUES("fourteenthShort", "fourteenthFull", "fourteenthTitle", "02-APR-15 07.49.58.162000000 AM", "03-APR-15");
INSERT INTO NEWS (SHORT_TEXT, FULL_TEXT, TITLE, CREATION_DATE, MODIFICATION_DATE)
VALUES("fifteenthShort", "fifteenthFull", "fifteenthTitle", "03-APR-15 07.49.58.162000000 AM", "04-APR-15");
INSERT INTO NEWS (SHORT_TEXT, FULL_TEXT, TITLE, CREATION_DATE, MODIFICATION_DATE)
VALUES("sixteenthShort", "sixteenthFull", "sixteenthTitle", "04-APR-15 07.49.58.162000000 AM", "05-APR-15");
INSERT INTO NEWS (SHORT_TEXT, FULL_TEXT, TITLE, CREATION_DATE, MODIFICATION_DATE)
VALUES("seventeenthShort", "seventeenthFull", "seventeenthTitle", "05-APR-15 07.49.58.162000000 AM", "06-APR-15");
INSERT INTO NEWS (SHORT_TEXT, FULL_TEXT, TITLE, CREATION_DATE, MODIFICATION_DATE)
VALUES("eighteenthShort", "eighteenthFull", "eighteenthTitle", "06-APR-15 07.49.58.162000000 AM", "07-APR-15");
INSERT INTO NEWS (SHORT_TEXT, FULL_TEXT, TITLE, CREATION_DATE, MODIFICATION_DATE)
VALUES("nineteenthShort", "nineteenthFull", "nineteenthTitle", "07-APR-15 07.49.58.162000000 AM", "08-APR-15");
INSERT INTO NEWS (SHORT_TEXT, FULL_TEXT, TITLE, CREATION_DATE, MODIFICATION_DATE)
VALUES("twentiethShort", "twentiethFull", "twentiethTitle", "08-APR-15 07.49.58.162000000 AM", "09-APR-15");
INSERT INTO TAG (TAG_NAME) VALUES ("first");
INSERT INTO TAG (TAG_NAME) VALUES ("second");
INSERT INTO TAG (TAG_NAME) VALUES ("third");
INSERT INTO TAG (TAG_NAME) VALUES ("fourth");
INSERT INTO TAG (TAG_NAME) VALUES ("fifth");
INSERT INTO TAG (TAG_NAME) VALUES ("sixth");
INSERT INTO TAG (TAG_NAME) VALUES ("seventh");
INSERT INTO TAG (TAG_NAME) VALUES ("eighth");
INSERT INTO TAG (TAG_NAME) VALUES ("ninth");
INSERT INTO TAG (TAG_NAME) VALUES ("tenth");
INSERT INTO TAG (TAG_NAME) VALUES ("eleventh");
INSERT INTO TAG (TAG_NAME) VALUES ("twelfth");
INSERT INTO TAG (TAG_NAME) VALUES ("thirteenth");
INSERT INTO TAG (TAG_NAME) VALUES ("fourteenth");
INSERT INTO TAG (TAG_NAME) VALUES ("fifteenth");
INSERT INTO TAG (TAG_NAME) VALUES ("sixteenth");
INSERT INTO TAG (TAG_NAME) VALUES ("seventeenth");
INSERT INTO TAG (TAG_NAME) VALUES ("eighteenth");
INSERT INTO TAG (TAG_NAME) VALUES ("nineteenth");
INSERT INTO TAG (TAG_NAME) VALUES ("twentieth");
INSERT INTO NEWS_TAG (NEWS_ID, TAG_ID) VALUES (1, 1);
INSERT INTO NEWS_TAG (NEWS_ID, TAG_ID) VALUES (2, 2);
INSERT INTO NEWS_TAG (NEWS_ID, TAG_ID) VALUES (3, 3);
INSERT INTO NEWS_TAG (NEWS_ID, TAG_ID) VALUES (1, 2);
INSERT INTO NEWS_TAG (NEWS_ID, TAG_ID) VALUES (2, 1);
INSERT INTO NEWS_TAG (NEWS_ID, TAG_ID) VALUES (3, 1);
INSERT INTO NEWS_TAG (NEWS_ID, TAG_ID) VALUES (1, 7);
INSERT INTO NEWS_TAG (NEWS_ID, TAG_ID) VALUES (4, 6);
INSERT INTO NEWS_TAG (NEWS_ID, TAG_ID) VALUES (1, 4);
INSERT INTO NEWS_TAG (NEWS_ID, TAG_ID) VALUES (3, 7);
INSERT INTO NEWS_TAG (NEWS_ID, TAG_ID) VALUES (5, 6);
INSERT INTO NEWS_TAG (NEWS_ID, TAG_ID) VALUES (1, 9);
INSERT INTO NEWS_TAG (NEWS_ID, TAG_ID) VALUES (2, 8);
INSERT INTO NEWS_TAG (NEWS_ID, TAG_ID) VALUES (3, 7);
INSERT INTO NEWS_TAG (NEWS_ID, TAG_ID) VALUES (4, 9);
INSERT INTO NEWS_TAG (NEWS_ID, TAG_ID) VALUES (5, 8);
INSERT INTO NEWS_TAG (NEWS_ID, TAG_ID) VALUES (6, 7);
INSERT INTO NEWS_TAG (NEWS_ID, TAG_ID) VALUES (6, 8);
INSERT INTO NEWS_TAG (NEWS_ID, TAG_ID) VALUES (6, 8);
INSERT INTO NEWS_TAG (NEWS_ID, TAG_ID) VALUES (9, 1);
INSERT INTO NEWS_TAG (NEWS_ID, TAG_ID) VALUES (6, 2);
INSERT INTO AUTHOR (AUTHOR_NAME) VALUES ("first");
INSERT INTO AUTHOR (AUTHOR_NAME) VALUES ("second");
INSERT INTO AUTHOR (AUTHOR_NAME) VALUES ("third");
INSERT INTO AUTHOR (AUTHOR_NAME) VALUES ("fourth");
INSERT INTO AUTHOR (AUTHOR_NAME) VALUES ("fifth");
INSERT INTO AUTHOR (AUTHOR_NAME) VALUES ("sixth");
INSERT INTO AUTHOR (AUTHOR_NAME) VALUES ("seventh");
INSERT INTO AUTHOR (AUTHOR_NAME) VALUES ("eighth");
INSERT INTO AUTHOR (AUTHOR_NAME) VALUES ("ninth");
INSERT INTO AUTHOR (AUTHOR_NAME) VALUES ("tenth");
INSERT INTO AUTHOR (AUTHOR_NAME) VALUES ("eleventh");
INSERT INTO AUTHOR (AUTHOR_NAME) VALUES ("twelfth");
INSERT INTO AUTHOR (AUTHOR_NAME) VALUES ("thirteenth");
INSERT INTO AUTHOR (AUTHOR_NAME) VALUES ("fourteenth");
INSERT INTO AUTHOR (AUTHOR_NAME) VALUES ("fifteenth");
INSERT INTO AUTHOR (AUTHOR_NAME) VALUES ("sixteenth");
INSERT INTO AUTHOR (AUTHOR_NAME) VALUES ("seventeenth");
INSERT INTO AUTHOR (AUTHOR_NAME) VALUES ("eighteenth");
INSERT INTO AUTHOR (AUTHOR_NAME) VALUES ("nineteenth");
INSERT INTO AUTHOR (AUTHOR_NAME) VALUES ("twentieth");
INSERT INTO NEWS_AUTHOR (NEWS_ID, AUTHOR_ID) VALUES (1, 1);
INSERT INTO NEWS_AUTHOR (NEWS_ID, AUTHOR_ID) VALUES (2, 1);
INSERT INTO NEWS_AUTHOR (NEWS_ID, AUTHOR_ID) VALUES (3, 2);
INSERT INTO NEWS_AUTHOR (NEWS_ID, AUTHOR_ID) VALUES (4, 3);
INSERT INTO NEWS_AUTHOR (NEWS_ID, AUTHOR_ID) VALUES (5, 8);
INSERT INTO NEWS_AUTHOR (NEWS_ID, AUTHOR_ID) VALUES (6, 4);
INSERT INTO NEWS_AUTHOR (NEWS_ID, AUTHOR_ID) VALUES (7, 5);
INSERT INTO NEWS_AUTHOR (NEWS_ID, AUTHOR_ID) VALUES (8, 8);
INSERT INTO NEWS_AUTHOR (NEWS_ID, AUTHOR_ID) VALUES (9, 11);
INSERT INTO NEWS_AUTHOR (NEWS_ID, AUTHOR_ID) VALUES (10, 16);
INSERT INTO NEWS_AUTHOR (NEWS_ID, AUTHOR_ID) VALUES (11, 12);
INSERT INTO NEWS_AUTHOR (NEWS_ID, AUTHOR_ID) VALUES (12, 2);
INSERT INTO NEWS_AUTHOR (NEWS_ID, AUTHOR_ID) VALUES (13, 5);
INSERT INTO NEWS_AUTHOR (NEWS_ID, AUTHOR_ID) VALUES (14, 6);
INSERT INTO NEWS_AUTHOR (NEWS_ID, AUTHOR_ID) VALUES (15, 8);
INSERT INTO NEWS_AUTHOR (NEWS_ID, AUTHOR_ID) VALUES (16, 4);
INSERT INTO NEWS_AUTHOR (NEWS_ID, AUTHOR_ID) VALUES (17, 7);
INSERT INTO NEWS_AUTHOR (NEWS_ID, AUTHOR_ID) VALUES (18, 14);
INSERT INTO NEWS_AUTHOR (NEWS_ID, AUTHOR_ID) VALUES (19, 15);
INSERT INTO NEWS_AUTHOR (NEWS_ID, AUTHOR_ID) VALUES (20, 4);
INSERT INTO COMMENTS (NEWS_ID, COMMENT_TEXT, CREATION_DATE) VALUES (1, "first", "01-MAY-15 07.49.58.162000000 AM");
INSERT INTO COMMENTS (NEWS_ID, COMMENT_TEXT, CREATION_DATE) VALUES (2, "second", "02-MAY-15 07.49.58.162000000 AM");
INSERT INTO COMMENTS (NEWS_ID, COMMENT_TEXT, CREATION_DATE) VALUES (3, "third", "03-MAY-15 07.49.58.162000000 AM");
INSERT INTO COMMENTS (NEWS_ID, COMMENT_TEXT, CREATION_DATE) VALUES (4, "fourth", "04-MAY-15 07.49.58.162000000 AM");
INSERT INTO COMMENTS (NEWS_ID, COMMENT_TEXT, CREATION_DATE) VALUES (5, "fifth", "05-MAY-15 07.49.58.162000000 AM");
INSERT INTO COMMENTS (NEWS_ID, COMMENT_TEXT, CREATION_DATE) VALUES (3, "sixth", "01-MAY-15 07.49.58.162000000 AM");
INSERT INTO COMMENTS (NEWS_ID, COMMENT_TEXT, CREATION_DATE) VALUES (4, "seventh", "02-MAY-15 07.49.58.162000000 AM");
INSERT INTO COMMENTS (NEWS_ID, COMMENT_TEXT, CREATION_DATE) VALUES (3, "eighth", "22-MAY-15 07.49.58.162000000 AM");
INSERT INTO COMMENTS (NEWS_ID, COMMENT_TEXT, CREATION_DATE) VALUES (2, "ninth", "21-MAY-15 07.49.58.162000000 AM");
INSERT INTO COMMENTS (NEWS_ID, COMMENT_TEXT, CREATION_DATE) VALUES (7, "tenth", "12-MAY-15 07.49.58.162000000 AM");
INSERT INTO COMMENTS (NEWS_ID, COMMENT_TEXT, CREATION_DATE) VALUES (14, "eleventh", "13-MAY-15 07.49.58.162000000 AM");
INSERT INTO COMMENTS (NEWS_ID, COMMENT_TEXT, CREATION_DATE) VALUES (12, "twelfth", "15-MAY-15 07.49.58.162000000 AM");
INSERT INTO COMMENTS (NEWS_ID, COMMENT_TEXT, CREATION_DATE) VALUES (3, "thirteenth", "01-MAY-15 07.49.58.162000000 AM");
INSERT INTO COMMENTS (NEWS_ID, COMMENT_TEXT, CREATION_DATE) VALUES (5, "fourteenth", "07-MAY-15 07.49.58.162000000 AM");
INSERT INTO COMMENTS (NEWS_ID, COMMENT_TEXT, CREATION_DATE) VALUES (8, "fifteenth", "21-MAY-15 07.49.58.162000000 AM");
INSERT INTO COMMENTS (NEWS_ID, COMMENT_TEXT, CREATION_DATE) VALUES (15, "sixteenth", "29-MAY-15 07.49.58.162000000 AM");
INSERT INTO COMMENTS (NEWS_ID, COMMENT_TEXT, CREATION_DATE) VALUES (7, "seventeenth", "23-MAY-15 07.49.58.162000000 AM");
INSERT INTO COMMENTS (NEWS_ID, COMMENT_TEXT, CREATION_DATE) VALUES (3, "eighteenth", "26-MAY-15 07.49.58.162000000 AM");
INSERT INTO COMMENTS (NEWS_ID, COMMENT_TEXT, CREATION_DATE) VALUES (11, "nineteenth", "27-MAY-15 07.49.58.162000000 AM");
INSERT INTO COMMENTS (NEWS_ID, COMMENT_TEXT, CREATION_DATE) VALUES (14, "twentieth", "11-MAY-15 07.49.58.162000000 AM");